pUsername,pPassword,pUserNo
perf1@meenakshimuralidharanmindtr.onmicrosoft.com,Mindtree@123456,1
perf2@meenakshimuralidharanmindtr.onmicrosoft.com,Mindtree@123456,2
perf3@meenakshimuralidharanmindtr.onmicrosoft.com,Mindtree@123456,3
perf4@meenakshimuralidharanmindtr.onmicrosoft.com,Mindtree@123456,4
perf5@meenakshimuralidharanmindtr.onmicrosoft.com,Mindtree@123456,5
perf6@meenakshimuralidharanmindtr.onmicrosoft.com,Mindtree@123456,6
perf7@meenakshimuralidharanmindtr.onmicrosoft.com,Mindtree@123456,7
perf8@meenakshimuralidharanmindtr.onmicrosoft.com,Mindtree@123456,8
perf9@meenakshimuralidharanmindtr.onmicrosoft.com,Mindtree@123456,9
perf10@meenakshimuralidharanmindtr.onmicrosoft.com,Mindtree@123456,10
perf11@meenakshimuralidharanmindtr.onmicrosoft.com,Mindtree@123456,11
perf12@meenakshimuralidharanmindtr.onmicrosoft.com,Mindtree@123456,12
perf13@meenakshimuralidharanmindtr.onmicrosoft.com,Mindtree@123456,13
perf14@meenakshimuralidharanmindtr.onmicrosoft.com,Mindtree@123456,14
perf15@meenakshimuralidharanmindtr.onmicrosoft.com,Mindtree@123456,15
perf16@meenakshimuralidharanmindtr.onmicrosoft.com,Mindtree@123456,16
perf17@meenakshimuralidharanmindtr.onmicrosoft.com,Mindtree@123456,17
perf18@meenakshimuralidharanmindtr.onmicrosoft.com,Mindtree@123456,18
perf19@meenakshimuralidharanmindtr.onmicrosoft.com,Mindtree@123456,19
perf20@meenakshimuralidharanmindtr.onmicrosoft.com,Mindtree@123456,20
perf21@meenakshimuralidharanmindtr.onmicrosoft.com,Mindtree@123456,21
perf22@meenakshimuralidharanmindtr.onmicrosoft.com,Mindtree@123456,22
perf23@meenakshimuralidharanmindtr.onmicrosoft.com,Mindtree@123456,23
perf24@meenakshimuralidharanmindtr.onmicrosoft.com,Mindtree@123456,24
perf25@meenakshimuralidharanmindtr.onmicrosoft.com,Mindtree@123456,25
perf26@meenakshimuralidharanmindtr.onmicrosoft.com,Mindtree@123456,26
perf27@meenakshimuralidharanmindtr.onmicrosoft.com,Mindtree@123456,27
perf28@meenakshimuralidharanmindtr.onmicrosoft.com,Mindtree@123456,28
perf29@meenakshimuralidharanmindtr.onmicrosoft.com,Mindtree@123456,29
perf30@meenakshimuralidharanmindtr.onmicrosoft.com,Mindtree@123456,30
perf31@meenakshimuralidharanmindtr.onmicrosoft.com,Mindtree@123456,31
perf32@meenakshimuralidharanmindtr.onmicrosoft.com,Mindtree@123456,32
perf33@meenakshimuralidharanmindtr.onmicrosoft.com,Mindtree@123456,33
perf34@meenakshimuralidharanmindtr.onmicrosoft.com,Mindtree@123456,34
perf35@meenakshimuralidharanmindtr.onmicrosoft.com,Mindtree@123456,35
perf36@meenakshimuralidharanmindtr.onmicrosoft.com,Mindtree@123456,36
perf37@meenakshimuralidharanmindtr.onmicrosoft.com,Mindtree@123456,37
perf38@meenakshimuralidharanmindtr.onmicrosoft.com,Mindtree@123456,38
perf39@meenakshimuralidharanmindtr.onmicrosoft.com,Mindtree@123456,39
perf40@meenakshimuralidharanmindtr.onmicrosoft.com,Mindtree@123456,40
perf41@meenakshimuralidharanmindtr.onmicrosoft.com,Mindtree@123456,41
perf42@meenakshimuralidharanmindtr.onmicrosoft.com,Mindtree@123456,42
perf43@meenakshimuralidharanmindtr.onmicrosoft.com,Mindtree@123456,43
perf44@meenakshimuralidharanmindtr.onmicrosoft.com,Mindtree@123456,44
perf45@meenakshimuralidharanmindtr.onmicrosoft.com,Mindtree@123456,45
perf46@meenakshimuralidharanmindtr.onmicrosoft.com,Mindtree@123456,46
perf47@meenakshimuralidharanmindtr.onmicrosoft.com,Mindtree@123456,47
perf48@meenakshimuralidharanmindtr.onmicrosoft.com,Mindtree@123456,48
perf49@meenakshimuralidharanmindtr.onmicrosoft.com,Mindtree@123456,49
perf50@meenakshimuralidharanmindtr.onmicrosoft.com,Mindtree@123456,50
perf51@meenakshimuralidharanmindtr.onmicrosoft.com,Mindtree@123456,51
perf52@meenakshimuralidharanmindtr.onmicrosoft.com,Mindtree@123456,52
perf53@meenakshimuralidharanmindtr.onmicrosoft.com,Mindtree@123456,53
perf54@meenakshimuralidharanmindtr.onmicrosoft.com,Mindtree@123456,54
perf55@meenakshimuralidharanmindtr.onmicrosoft.com,Mindtree@123456,55
perf56@meenakshimuralidharanmindtr.onmicrosoft.com,Mindtree@123456,56
perf57@meenakshimuralidharanmindtr.onmicrosoft.com,Mindtree@123456,57
perf58@meenakshimuralidharanmindtr.onmicrosoft.com,Mindtree@123456,58
perf59@meenakshimuralidharanmindtr.onmicrosoft.com,Mindtree@123456,59
perf60@meenakshimuralidharanmindtr.onmicrosoft.com,Mindtree@123456,60
perf61@meenakshimuralidharanmindtr.onmicrosoft.com,Mindtree@123456,61
perf62@meenakshimuralidharanmindtr.onmicrosoft.com,Mindtree@123456,62
perf63@meenakshimuralidharanmindtr.onmicrosoft.com,Mindtree@123456,63
perf64@meenakshimuralidharanmindtr.onmicrosoft.com,Mindtree@123456,64
perf65@meenakshimuralidharanmindtr.onmicrosoft.com,Mindtree@123456,65
perf66@meenakshimuralidharanmindtr.onmicrosoft.com,Mindtree@123456,66
perf67@meenakshimuralidharanmindtr.onmicrosoft.com,Mindtree@123456,67
perf68@meenakshimuralidharanmindtr.onmicrosoft.com,Mindtree@123456,68
perf69@meenakshimuralidharanmindtr.onmicrosoft.com,Mindtree@123456,69
perf70@meenakshimuralidharanmindtr.onmicrosoft.com,Mindtree@123456,70
perf71@meenakshimuralidharanmindtr.onmicrosoft.com,Mindtree@123456,71
perf72@meenakshimuralidharanmindtr.onmicrosoft.com,Mindtree@123456,72
perf73@meenakshimuralidharanmindtr.onmicrosoft.com,Mindtree@123456,73
perf74@meenakshimuralidharanmindtr.onmicrosoft.com,Mindtree@123456,74
perf75@meenakshimuralidharanmindtr.onmicrosoft.com,Mindtree@123456,75
perf76@meenakshimuralidharanmindtr.onmicrosoft.com,Mindtree@123456,76
perf77@meenakshimuralidharanmindtr.onmicrosoft.com,Mindtree@123456,77
perf78@meenakshimuralidharanmindtr.onmicrosoft.com,Mindtree@123456,78
perf79@meenakshimuralidharanmindtr.onmicrosoft.com,Mindtree@123456,79
perf80@meenakshimuralidharanmindtr.onmicrosoft.com,Mindtree@123456,80
perf81@meenakshimuralidharanmindtr.onmicrosoft.com,Mindtree@123456,81
perf82@meenakshimuralidharanmindtr.onmicrosoft.com,Mindtree@123456,82
perf83@meenakshimuralidharanmindtr.onmicrosoft.com,Mindtree@123456,83
perf84@meenakshimuralidharanmindtr.onmicrosoft.com,Mindtree@123456,84
perf85@meenakshimuralidharanmindtr.onmicrosoft.com,Mindtree@123456,85
perf86@meenakshimuralidharanmindtr.onmicrosoft.com,Mindtree@123456,86
perf87@meenakshimuralidharanmindtr.onmicrosoft.com,Mindtree@123456,87
perf88@meenakshimuralidharanmindtr.onmicrosoft.com,Mindtree@123456,88
perf89@meenakshimuralidharanmindtr.onmicrosoft.com,Mindtree@123456,89
perf90@meenakshimuralidharanmindtr.onmicrosoft.com,Mindtree@123456,90
perf91@meenakshimuralidharanmindtr.onmicrosoft.com,Mindtree@123456,91
perf92@meenakshimuralidharanmindtr.onmicrosoft.com,Mindtree@123456,92
perf93@meenakshimuralidharanmindtr.onmicrosoft.com,Mindtree@123456,93
perf94@meenakshimuralidharanmindtr.onmicrosoft.com,Mindtree@123456,94
perf95@meenakshimuralidharanmindtr.onmicrosoft.com,Mindtree@123456,95
perf96@meenakshimuralidharanmindtr.onmicrosoft.com,Mindtree@123456,96
perf97@meenakshimuralidharanmindtr.onmicrosoft.com,Mindtree@123456,97
perf98@meenakshimuralidharanmindtr.onmicrosoft.com,Mindtree@123456,98
perf99@meenakshimuralidharanmindtr.onmicrosoft.com,Mindtree@123456,99
perf100@meenakshimuralidharanmindtr.onmicrosoft.com,Mindtree@123456,100
perf101@meenakshimuralidharanmindtr.onmicrosoft.com,Mindtree@123456,101
perf102@meenakshimuralidharanmindtr.onmicrosoft.com,Mindtree@123456,102
perf103@meenakshimuralidharanmindtr.onmicrosoft.com,Mindtree@123456,103
perf104@meenakshimuralidharanmindtr.onmicrosoft.com,Mindtree@123456,104
perf105@meenakshimuralidharanmindtr.onmicrosoft.com,Mindtree@123456,105
perf106@meenakshimuralidharanmindtr.onmicrosoft.com,Mindtree@123456,106
perf107@meenakshimuralidharanmindtr.onmicrosoft.com,Mindtree@123456,107
perf108@meenakshimuralidharanmindtr.onmicrosoft.com,Mindtree@123456,108
perf109@meenakshimuralidharanmindtr.onmicrosoft.com,Mindtree@123456,109
perf110@meenakshimuralidharanmindtr.onmicrosoft.com,Mindtree@123456,110
perf111@meenakshimuralidharanmindtr.onmicrosoft.com,Mindtree@123456,111
perf112@meenakshimuralidharanmindtr.onmicrosoft.com,Mindtree@123456,112
perf113@meenakshimuralidharanmindtr.onmicrosoft.com,Mindtree@123456,113
perf114@meenakshimuralidharanmindtr.onmicrosoft.com,Mindtree@123456,114
perf115@meenakshimuralidharanmindtr.onmicrosoft.com,Mindtree@123456,115
perf116@meenakshimuralidharanmindtr.onmicrosoft.com,Mindtree@123456,116
perf117@meenakshimuralidharanmindtr.onmicrosoft.com,Mindtree@123456,117
perf118@meenakshimuralidharanmindtr.onmicrosoft.com,Mindtree@123456,118
perf119@meenakshimuralidharanmindtr.onmicrosoft.com,Mindtree@123456,119
perf120@meenakshimuralidharanmindtr.onmicrosoft.com,Mindtree@123456,120
perf121@meenakshimuralidharanmindtr.onmicrosoft.com,Mindtree@123456,121
perf122@meenakshimuralidharanmindtr.onmicrosoft.com,Mindtree@123456,122
perf123@meenakshimuralidharanmindtr.onmicrosoft.com,Mindtree@123456,123
perf124@meenakshimuralidharanmindtr.onmicrosoft.com,Mindtree@123456,124
perf125@meenakshimuralidharanmindtr.onmicrosoft.com,Mindtree@123456,125
perf126@meenakshimuralidharanmindtr.onmicrosoft.com,Mindtree@123456,126
perf127@meenakshimuralidharanmindtr.onmicrosoft.com,Mindtree@123456,127
perf128@meenakshimuralidharanmindtr.onmicrosoft.com,Mindtree@123456,128
perf129@meenakshimuralidharanmindtr.onmicrosoft.com,Mindtree@123456,129
perf130@meenakshimuralidharanmindtr.onmicrosoft.com,Mindtree@123456,130
perf131@meenakshimuralidharanmindtr.onmicrosoft.com,Mindtree@123456,131
perf132@meenakshimuralidharanmindtr.onmicrosoft.com,Mindtree@123456,132
perf133@meenakshimuralidharanmindtr.onmicrosoft.com,Mindtree@123456,133
perf134@meenakshimuralidharanmindtr.onmicrosoft.com,Mindtree@123456,134
perf135@meenakshimuralidharanmindtr.onmicrosoft.com,Mindtree@123456,135
perf136@meenakshimuralidharanmindtr.onmicrosoft.com,Mindtree@123456,136
perf137@meenakshimuralidharanmindtr.onmicrosoft.com,Mindtree@123456,137
perf138@meenakshimuralidharanmindtr.onmicrosoft.com,Mindtree@123456,138
perf139@meenakshimuralidharanmindtr.onmicrosoft.com,Mindtree@123456,139
perf140@meenakshimuralidharanmindtr.onmicrosoft.com,Mindtree@123456,140
perf141@meenakshimuralidharanmindtr.onmicrosoft.com,Mindtree@123456,141
perf142@meenakshimuralidharanmindtr.onmicrosoft.com,Mindtree@123456,142
perf143@meenakshimuralidharanmindtr.onmicrosoft.com,Mindtree@123456,143
perf144@meenakshimuralidharanmindtr.onmicrosoft.com,Mindtree@123456,144
perf145@meenakshimuralidharanmindtr.onmicrosoft.com,Mindtree@123456,145
perf146@meenakshimuralidharanmindtr.onmicrosoft.com,Mindtree@123456,146
perf147@meenakshimuralidharanmindtr.onmicrosoft.com,Mindtree@123456,147
perf148@meenakshimuralidharanmindtr.onmicrosoft.com,Mindtree@123456,148
perf149@meenakshimuralidharanmindtr.onmicrosoft.com,Mindtree@123456,149
perf150@meenakshimuralidharanmindtr.onmicrosoft.com,Mindtree@123456,150
perf151@meenakshimuralidharanmindtr.onmicrosoft.com,Mindtree@123456,151
perf152@meenakshimuralidharanmindtr.onmicrosoft.com,Mindtree@123456,152
perf153@meenakshimuralidharanmindtr.onmicrosoft.com,Mindtree@123456,153
perf154@meenakshimuralidharanmindtr.onmicrosoft.com,Mindtree@123456,154
perf155@meenakshimuralidharanmindtr.onmicrosoft.com,Mindtree@123456,155
perf156@meenakshimuralidharanmindtr.onmicrosoft.com,Mindtree@123456,156
perf157@meenakshimuralidharanmindtr.onmicrosoft.com,Mindtree@123456,157
perf158@meenakshimuralidharanmindtr.onmicrosoft.com,Mindtree@123456,158
perf159@meenakshimuralidharanmindtr.onmicrosoft.com,Mindtree@123456,159
perf160@meenakshimuralidharanmindtr.onmicrosoft.com,Mindtree@123456,160
perf161@meenakshimuralidharanmindtr.onmicrosoft.com,Mindtree@123456,161
perf162@meenakshimuralidharanmindtr.onmicrosoft.com,Mindtree@123456,162
perf163@meenakshimuralidharanmindtr.onmicrosoft.com,Mindtree@123456,163
perf164@meenakshimuralidharanmindtr.onmicrosoft.com,Mindtree@123456,164
perf165@meenakshimuralidharanmindtr.onmicrosoft.com,Mindtree@123456,165
perf166@meenakshimuralidharanmindtr.onmicrosoft.com,Mindtree@123456,166
perf167@meenakshimuralidharanmindtr.onmicrosoft.com,Mindtree@123456,167
perf168@meenakshimuralidharanmindtr.onmicrosoft.com,Mindtree@123456,168
perf169@meenakshimuralidharanmindtr.onmicrosoft.com,Mindtree@123456,169
perf170@meenakshimuralidharanmindtr.onmicrosoft.com,Mindtree@123456,170
perf171@meenakshimuralidharanmindtr.onmicrosoft.com,Mindtree@123456,171
perf172@meenakshimuralidharanmindtr.onmicrosoft.com,Mindtree@123456,172
perf173@meenakshimuralidharanmindtr.onmicrosoft.com,Mindtree@123456,173
perf174@meenakshimuralidharanmindtr.onmicrosoft.com,Mindtree@123456,174
perf175@meenakshimuralidharanmindtr.onmicrosoft.com,Mindtree@123456,175
perf176@meenakshimuralidharanmindtr.onmicrosoft.com,Mindtree@123456,176
perf177@meenakshimuralidharanmindtr.onmicrosoft.com,Mindtree@123456,177
perf178@meenakshimuralidharanmindtr.onmicrosoft.com,Mindtree@123456,178
perf179@meenakshimuralidharanmindtr.onmicrosoft.com,Mindtree@123456,179
perf180@meenakshimuralidharanmindtr.onmicrosoft.com,Mindtree@123456,180
perf181@meenakshimuralidharanmindtr.onmicrosoft.com,Mindtree@123456,181
perf182@meenakshimuralidharanmindtr.onmicrosoft.com,Mindtree@123456,182
perf183@meenakshimuralidharanmindtr.onmicrosoft.com,Mindtree@123456,183
perf184@meenakshimuralidharanmindtr.onmicrosoft.com,Mindtree@123456,184
perf185@meenakshimuralidharanmindtr.onmicrosoft.com,Mindtree@123456,185
perf186@meenakshimuralidharanmindtr.onmicrosoft.com,Mindtree@123456,186
perf187@meenakshimuralidharanmindtr.onmicrosoft.com,Mindtree@123456,187
perf188@meenakshimuralidharanmindtr.onmicrosoft.com,Mindtree@123456,188
perf189@meenakshimuralidharanmindtr.onmicrosoft.com,Mindtree@123456,189
perf190@meenakshimuralidharanmindtr.onmicrosoft.com,Mindtree@123456,190
perf191@meenakshimuralidharanmindtr.onmicrosoft.com,Mindtree@123456,191
perf192@meenakshimuralidharanmindtr.onmicrosoft.com,Mindtree@123456,192
perf193@meenakshimuralidharanmindtr.onmicrosoft.com,Mindtree@123456,193
perf194@meenakshimuralidharanmindtr.onmicrosoft.com,Mindtree@123456,194
perf195@meenakshimuralidharanmindtr.onmicrosoft.com,Mindtree@123456,195
perf196@meenakshimuralidharanmindtr.onmicrosoft.com,Mindtree@123456,196
perf197@meenakshimuralidharanmindtr.onmicrosoft.com,Mindtree@123456,197
perf198@meenakshimuralidharanmindtr.onmicrosoft.com,Mindtree@123456,198
perf199@meenakshimuralidharanmindtr.onmicrosoft.com,Mindtree@123456,199
perf200@meenakshimuralidharanmindtr.onmicrosoft.com,Mindtree@123456,200
QA_USER1@meenakshimuralidharanmindtr.onmicrosoft.com,Mindtree@123456,201